id,description,dataset,category,subcategory,region,delay,universe,type,dateCoverage,coverage,userCount,alphaCount,pyramidMultiplier,themes,dataset_id,dataset_name,category_id,category_name,subcategory_id,subcategory_name
gsxetrfs_description,Description of GSXETRFS tariff risk classification for the company.,"{'id': 'risk74', 'name': 'Risk Factors'}","{'id': 'risk', 'name': 'Risk'}","{'id': 'risk-risk-models', 'name': 'Risk Models'}",EUR,1,TOPCS1600,MATRIX,1.0,1.0,0,0,1.1,[],risk74,Risk Factors,risk,Risk,risk-risk-models,Risk Models
gsxetrfs_description_specialized,Specialized description of GSXETRFS tariff risk classification for the company.,"{'id': 'risk74', 'name': 'Risk Factors'}","{'id': 'risk', 'name': 'Risk'}","{'id': 'risk-risk-models', 'name': 'Risk Models'}",EUR,1,TOPCS1600,MATRIX,1.0,1.0,0,0,1.1,[],risk74,Risk Factors,risk,Risk,risk-risk-models,Risk Models
hedge_fund_num_owners_encr,"Number of hedge funds holding a position in the security, as calculated using ENCR methodology.","{'id': 'risk74', 'name': 'Risk Factors'}","{'id': 'risk', 'name': 'Risk'}","{'id': 'risk-risk-models', 'name': 'Risk Models'}",EUR,1,TOPCS1600,MATRIX,1.0,0.5094,0,0,1.1,[],risk74,Risk Factors,risk,Risk,risk-risk-models,Risk Models
hedge_fund_pct_ownership_encr,"Percentage of shares outstanding held by hedge funds, as calculated using ENCR methodology.","{'id': 'risk74', 'name': 'Risk Factors'}","{'id': 'risk', 'name': 'Risk'}","{'id': 'risk-risk-models', 'name': 'Risk Models'}",EUR,1,TOPCS1600,MATRIX,1.0,0.5094,0,0,1.1,[],risk74,Risk Factors,risk,Risk,risk-risk-models,Risk Models
liquidity_factor_crowding,Liquidity factor value used in crowding analysis for the security.,"{'id': 'risk74', 'name': 'Risk Factors'}","{'id': 'risk', 'name': 'Risk'}","{'id': 'risk-risk-models', 'name': 'Risk Models'}",EUR,1,TOPCS1600,MATRIX,1.0,1.0,0,0,1.1,[],risk74,Risk Factors,risk,Risk,risk-risk-models,Risk Models
liquidity_timeseries_crowding,Time series data representing the liquidity factor used in crowding analysis.,"{'id': 'risk74', 'name': 'Risk Factors'}","{'id': 'risk', 'name': 'Risk'}","{'id': 'risk-risk-models', 'name': 'Risk Models'}",EUR,1,TOPCS1600,MATRIX,1.0,1.0,0,0,1.1,[],risk74,Risk Factors,risk,Risk,risk-risk-models,Risk Models
market_cap_usd,Total market capitalization of the company in US dollars.,"{'id': 'risk74', 'name': 'Risk Factors'}","{'id': 'risk', 'name': 'Risk'}","{'id': 'risk-risk-models', 'name': 'Risk Models'}",EUR,1,TOPCS1600,MATRIX,1.0,1.0,0,0,1.1,[],risk74,Risk Factors,risk,Risk,risk-risk-models,Risk Models
raw_gsxetrfs_description,Raw description of GSXETRFS tariff risk classification for the company.,"{'id': 'risk74', 'name': 'Risk Factors'}","{'id': 'risk', 'name': 'Risk'}","{'id': 'risk-risk-models', 'name': 'Risk Models'}",EUR,1,TOPCS1600,MATRIX,0.0,0.9831,0,0,1.1,[],risk74,Risk Factors,risk,Risk,risk-risk-models,Risk Models
raw_gsxetrfs_description_specialized,Specialized raw description of GSXETRFS tariff risk classification for the company.,"{'id': 'risk74', 'name': 'Risk Factors'}","{'id': 'risk', 'name': 'Risk'}","{'id': 'risk-risk-models', 'name': 'Risk Models'}",EUR,1,TOPCS1600,MATRIX,0.0,0.7834,0,0,1.1,[],risk74,Risk Factors,risk,Risk,risk-risk-models,Risk Models
rsk74_asu,The standardized or smoothed value of a company's exposure to the United States.,"{'id': 'risk74', 'name': 'Risk Factors'}","{'id': 'risk', 'name': 'Risk'}","{'id': 'risk-risk-models', 'name': 'Risk Models'}",EUR,1,TOPCS1600,MATRIX,0.9176,1.0,0,0,1.1,[],risk74,Risk Factors,risk,Risk,risk-risk-models,Risk Models
rsk74_concentration,A measure of how much a company's revenue or assets are focused in a few countries versus being diversified.,"{'id': 'risk74', 'name': 'Risk Factors'}","{'id': 'risk', 'name': 'Risk'}","{'id': 'risk-risk-models', 'name': 'Risk Models'}",EUR,1,TOPCS1600,MATRIX,0.9176,1.0,0,0,1.1,[],risk74,Risk Factors,risk,Risk,risk-risk-models,Risk Models
rsk74_crowding,A measure of how concentrated investor positions are in a particular stock or asset.,"{'id': 'risk74', 'name': 'Risk Factors'}","{'id': 'risk', 'name': 'Risk'}","{'id': 'risk-risk-models', 'name': 'Risk Models'}",EUR,1,TOPCS1600,MATRIX,1.0,1.0,0,0,1.1,[],risk74,Risk Factors,risk,Risk,risk-risk-models,Risk Models
rsk74_descriptor_hip,No field description,"{'id': 'risk74', 'name': 'Risk Factors'}","{'id': 'risk', 'name': 'Risk'}","{'id': 'risk-risk-models', 'name': 'Risk Models'}",EUR,1,TOPCS1600,MATRIX,,0.8154,0,0,1.1,[],risk74,Risk Factors,risk,Risk,risk-risk-models,Risk Models
rsk74_descriptor_owl,No field description,"{'id': 'risk74', 'name': 'Risk Factors'}","{'id': 'risk', 'name': 'Risk'}","{'id': 'risk-risk-models', 'name': 'Risk Models'}",EUR,1,TOPCS1600,MATRIX,,0.7779,0,0,1.1,[],risk74,Risk Factors,risk,Risk,risk-risk-models,Risk Models
rsk74_descriptor_qsg,No field description,"{'id': 'risk74', 'name': 'Risk Factors'}","{'id': 'risk', 'name': 'Risk'}","{'id': 'risk-risk-models', 'name': 'Risk Models'}",EUR,1,TOPCS1600,MATRIX,,0.6967,0,0,1.1,[],risk74,Risk Factors,risk,Risk,risk-risk-models,Risk Models
rsk74_descriptor_tru,No field description,"{'id': 'risk74', 'name': 'Risk Factors'}","{'id': 'risk', 'name': 'Risk'}","{'id': 'risk-risk-models', 'name': 'Risk Models'}",EUR,1,TOPCS1600,MATRIX,,0.7307,0,0,1.1,[],risk74,Risk Factors,risk,Risk,risk-risk-models,Risk Models
rsk74_earnyild,"The earnings yield factor, representing earnings as a percentage of price, used in crowding analysis.","{'id': 'risk74', 'name': 'Risk Factors'}","{'id': 'risk', 'name': 'Risk'}","{'id': 'risk-risk-models', 'name': 'Risk Models'}",EUR,1,TOPCS1600,MATRIX,1.0,0.9821,0,0,1.1,[],risk74,Risk Factors,risk,Risk,risk-risk-models,Risk Models
rsk74_factor_e,No field description,"{'id': 'risk74', 'name': 'Risk Factors'}","{'id': 'risk', 'name': 'Risk'}","{'id': 'risk-risk-models', 'name': 'Risk Models'}",EUR,1,TOPCS1600,MATRIX,,0.9148,0,0,1.1,[],risk74,Risk Factors,risk,Risk,risk-risk-models,Risk Models
rsk74_factor_esg,No field description,"{'id': 'risk74', 'name': 'Risk Factors'}","{'id': 'risk', 'name': 'Risk'}","{'id': 'risk-risk-models', 'name': 'Risk Models'}",EUR,1,TOPCS1600,MATRIX,,0.9283,0,0,1.1,[],risk74,Risk Factors,risk,Risk,risk-risk-models,Risk Models
rsk74_factor_g,No field description,"{'id': 'risk74', 'name': 'Risk Factors'}","{'id': 'risk', 'name': 'Risk'}","{'id': 'risk-risk-models', 'name': 'Risk Models'}",EUR,1,TOPCS1600,MATRIX,,0.9228,0,0,1.1,[],risk74,Risk Factors,risk,Risk,risk-risk-models,Risk Models
rsk74_factor_s,No field description,"{'id': 'risk74', 'name': 'Risk Factors'}","{'id': 'risk', 'name': 'Risk'}","{'id': 'risk-risk-models', 'name': 'Risk Models'}",EUR,1,TOPCS1600,MATRIX,,0.9255,0,0,1.1,[],risk74,Risk Factors,risk,Risk,risk-risk-models,Risk Models
rsk74_hfown_numown,The number of hedge funds holding a position in a company.,"{'id': 'risk74', 'name': 'Risk Factors'}","{'id': 'risk', 'name': 'Risk'}","{'id': 'risk-risk-models', 'name': 'Risk Models'}",EUR,1,TOPCS1600,MATRIX,1.0,0.5094,0,0,1.1,[],risk74,Risk Factors,risk,Risk,risk-risk-models,Risk Models
rsk74_hfown_pctown,The percentage of a company's shares owned by hedge funds.,"{'id': 'risk74', 'name': 'Risk Factors'}","{'id': 'risk', 'name': 'Risk'}","{'id': 'risk-risk-models', 'name': 'Risk Models'}",EUR,1,TOPCS1600,MATRIX,1.0,0.5094,0,0,1.1,[],risk74,Risk Factors,risk,Risk,risk-risk-models,Risk Models
rsk74_inflation,The standardized or smoothed measure of inflation.,"{'id': 'risk74', 'name': 'Risk Factors'}","{'id': 'risk', 'name': 'Risk'}","{'id': 'risk-risk-models', 'name': 'Risk Models'}",EUR,1,TOPCS1600,MATRIX,1.0,1.0,0,0,1.1,[],risk74,Risk Factors,risk,Risk,risk-risk-models,Risk Models
rsk74_momentum,A factor measuring the tendency of a stock to continue moving in the same price direction.,"{'id': 'risk74', 'name': 'Risk Factors'}","{'id': 'risk', 'name': 'Risk'}","{'id': 'risk-risk-models', 'name': 'Risk Models'}",EUR,1,TOPCS1600,MATRIX,1.0,1.0,0,0,1.1,[],risk74,Risk Factors,risk,Risk,risk-risk-models,Risk Models
rsk74_momentum_ts,"The time series of momentum factor values, tracking recent price trends over time.","{'id': 'risk74', 'name': 'Risk Factors'}","{'id': 'risk', 'name': 'Risk'}","{'id': 'risk-risk-models', 'name': 'Risk Models'}",EUR,1,TOPCS1600,MATRIX,1.0,1.0,0,0,1.1,[],risk74,Risk Factors,risk,Risk,risk-risk-models,Risk Models
rsk74_nhc,The standardized or smoothed value of a company's exposure to China.,"{'id': 'risk74', 'name': 'Risk Factors'}","{'id': 'risk', 'name': 'Risk'}","{'id': 'risk-risk-models', 'name': 'Risk Models'}",EUR,1,TOPCS1600,MATRIX,0.9176,1.0,0,0,1.1,[],risk74,Risk Factors,risk,Risk,risk-risk-models,Risk Models
rsk74_nondomicile,The standardized or smoothed value of a company's exposure to countries other than its home country.,"{'id': 'risk74', 'name': 'Risk Factors'}","{'id': 'risk', 'name': 'Risk'}","{'id': 'risk-risk-models', 'name': 'Risk Models'}",EUR,1,TOPCS1600,MATRIX,0.9176,1.0,0,0,1.1,[],risk74,Risk Factors,risk,Risk,risk-risk-models,Risk Models
rsk74_ort,A field representing the overall risk or total exposure to all countries combined.,"{'id': 'risk74', 'name': 'Risk Factors'}","{'id': 'risk', 'name': 'Risk'}","{'id': 'risk-risk-models', 'name': 'Risk Models'}",EUR,1,TOPCS1600,MATRIX,0.9255,1.0,0,0,1.1,[],risk74,Risk Factors,risk,Risk,risk-risk-models,Risk Models
rsk74_raw_concentration,The unadjusted measure of how concentrated a company's revenue or assets are in specific countries.,"{'id': 'risk74', 'name': 'Risk Factors'}","{'id': 'risk', 'name': 'Risk'}","{'id': 'risk-risk-models', 'name': 'Risk Models'}",EUR,1,TOPCS1600,MATRIX,0.9176,0.628,0,0,1.1,[],risk74,Risk Factors,risk,Risk,risk-risk-models,Risk Models
rsk74_raw_crowding,"The unprocessed or original measure of crowding, before any adjustments or smoothing.","{'id': 'risk74', 'name': 'Risk Factors'}","{'id': 'risk', 'name': 'Risk'}","{'id': 'risk-risk-models', 'name': 'Risk Models'}",EUR,1,TOPCS1600,MATRIX,1.0,1.0,0,0,1.1,[],risk74,Risk Factors,risk,Risk,risk-risk-models,Risk Models
rsk74_raw_exp_chn,The unadjusted value of a company's exposure to China.,"{'id': 'risk74', 'name': 'Risk Factors'}","{'id': 'risk', 'name': 'Risk'}","{'id': 'risk-risk-models', 'name': 'Risk Models'}",EUR,1,TOPCS1600,MATRIX,0.9176,0.8287,0,0,1.1,[],risk74,Risk Factors,risk,Risk,risk-risk-models,Risk Models
rsk74_raw_exp_nondomicile1,The unadjusted value of a company's exposure to its largest non-home country.,"{'id': 'risk74', 'name': 'Risk Factors'}","{'id': 'risk', 'name': 'Risk'}","{'id': 'risk-risk-models', 'name': 'Risk Models'}",EUR,1,TOPCS1600,MATRIX,0.9176,0.7045,0,0,1.1,[],risk74,Risk Factors,risk,Risk,risk-risk-models,Risk Models
rsk74_raw_exp_nondomicile2,The unadjusted value of a company's exposure to its second-largest non-home country.,"{'id': 'risk74', 'name': 'Risk Factors'}","{'id': 'risk', 'name': 'Risk'}","{'id': 'risk-risk-models', 'name': 'Risk Models'}",EUR,1,TOPCS1600,MATRIX,0.9176,0.628,0,0,1.1,[],risk74,Risk Factors,risk,Risk,risk-risk-models,Risk Models
rsk74_raw_exp_usa,The unadjusted value of a company's exposure to the United States.,"{'id': 'risk74', 'name': 'Risk Factors'}","{'id': 'risk', 'name': 'Risk'}","{'id': 'risk-risk-models', 'name': 'Risk Models'}",EUR,1,TOPCS1600,MATRIX,0.9176,0.8375,0,0,1.1,[],risk74,Risk Factors,risk,Risk,risk-risk-models,Risk Models
rsk74_raw_inflation,"The unadjusted or raw measure of inflation, before any standardization.","{'id': 'risk74', 'name': 'Risk Factors'}","{'id': 'risk', 'name': 'Risk'}","{'id': 'risk-risk-models', 'name': 'Risk Models'}",EUR,1,TOPCS1600,MATRIX,1.0,1.0,0,0,1.1,[],risk74,Risk Factors,risk,Risk,risk-risk-models,Risk Models
rsk74_raw_yldspread,The unadjusted or raw yield spread between two interest rates or bonds.,"{'id': 'risk74', 'name': 'Risk Factors'}","{'id': 'risk', 'name': 'Risk'}","{'id': 'risk-risk-models', 'name': 'Risk Models'}",EUR,1,TOPCS1600,MATRIX,1.0,1.0,0,0,1.1,[],risk74,Risk Factors,risk,Risk,risk-risk-models,Risk Models
rsk74_resvol,"The residual volatility factor, measuring price variability not explained by other factors.","{'id': 'risk74', 'name': 'Risk Factors'}","{'id': 'risk', 'name': 'Risk'}","{'id': 'risk-risk-models', 'name': 'Risk Models'}",EUR,1,TOPCS1600,MATRIX,1.0,1.0,0,0,1.1,[],risk74,Risk Factors,risk,Risk,risk-risk-models,Risk Models
rsk74_resvol_ts,"The time series of residual volatility, tracking unexplained price fluctuations over time.","{'id': 'risk74', 'name': 'Risk Factors'}","{'id': 'risk', 'name': 'Risk'}","{'id': 'risk-risk-models', 'name': 'Risk Models'}",EUR,1,TOPCS1600,MATRIX,1.0,1.0,0,0,1.1,[],risk74,Risk Factors,risk,Risk,risk-risk-models,Risk Models
rsk74_shortint,"The current level of short interest, representing the proportion of shares sold short.","{'id': 'risk74', 'name': 'Risk Factors'}","{'id': 'risk', 'name': 'Risk'}","{'id': 'risk-risk-models', 'name': 'Risk Models'}",EUR,1,TOPCS1600,MATRIX,1.0,0.996,0,0,1.1,[],risk74,Risk Factors,risk,Risk,risk-risk-models,Risk Models
rsk74_shortint_ts,"The time series of short interest, showing how the proportion of shares sold short changes over time.","{'id': 'risk74', 'name': 'Risk Factors'}","{'id': 'risk', 'name': 'Risk'}","{'id': 'risk-risk-models', 'name': 'Risk Models'}",EUR,1,TOPCS1600,MATRIX,1.0,0.9948,0,0,1.1,[],risk74,Risk Factors,risk,Risk,risk-risk-models,Risk Models
rsk74_std_exp_nondomicile1,The standardized value of a company's exposure to its largest non-home country.,"{'id': 'risk74', 'name': 'Risk Factors'}","{'id': 'risk', 'name': 'Risk'}","{'id': 'risk-risk-models', 'name': 'Risk Models'}",EUR,1,TOPCS1600,MATRIX,0.9255,1.0,0,0,1.1,[],risk74,Risk Factors,risk,Risk,risk-risk-models,Risk Models
rsk74_std_exp_nondomicile2,The standardized value of a company's exposure to its second-largest non-home country.,"{'id': 'risk74', 'name': 'Risk Factors'}","{'id': 'risk', 'name': 'Risk'}","{'id': 'risk-risk-models', 'name': 'Risk Models'}",EUR,1,TOPCS1600,MATRIX,0.9255,1.0,0,0,1.1,[],risk74,Risk Factors,risk,Risk,risk-risk-models,Risk Models
rsk74_value,"A value factor score, indicating how cheap or expensive a stock is relative to fundamentals.","{'id': 'risk74', 'name': 'Risk Factors'}","{'id': 'risk', 'name': 'Risk'}","{'id': 'risk-risk-models', 'name': 'Risk Models'}",EUR,1,TOPCS1600,MATRIX,1.0,0.9354,0,0,1.1,[],risk74,Risk Factors,risk,Risk,risk-risk-models,Risk Models
rsk74_value_ts,"The time series of value factor scores, showing how valuation metrics change over time.","{'id': 'risk74', 'name': 'Risk Factors'}","{'id': 'risk', 'name': 'Risk'}","{'id': 'risk-risk-models', 'name': 'Risk Models'}",EUR,1,TOPCS1600,MATRIX,1.0,0.9819,0,0,1.1,[],risk74,Risk Factors,risk,Risk,risk-risk-models,Risk Models
rsk74_valuearn,"A combined value and earnings factor, integrating valuation and earnings yield metrics.","{'id': 'risk74', 'name': 'Risk Factors'}","{'id': 'risk', 'name': 'Risk'}","{'id': 'risk-risk-models', 'name': 'Risk Models'}",EUR,1,TOPCS1600,MATRIX,1.0,0.9821,0,0,1.1,[],risk74,Risk Factors,risk,Risk,risk-risk-models,Risk Models
rsk74_yldspread,The standardized or smoothed yield spread between two interest rates or bonds.,"{'id': 'risk74', 'name': 'Risk Factors'}","{'id': 'risk', 'name': 'Risk'}","{'id': 'risk-risk-models', 'name': 'Risk Models'}",EUR,1,TOPCS1600,MATRIX,1.0,1.0,0,0,1.1,[],risk74,Risk Factors,risk,Risk,risk-risk-models,Risk Models
tariff_risk_score,Score indicating the degree to which a company is exposed to tariff risks.,"{'id': 'risk74', 'name': 'Risk Factors'}","{'id': 'risk', 'name': 'Risk'}","{'id': 'risk-risk-models', 'name': 'Risk Models'}",EUR,1,TOPCS1600,MATRIX,1.0,1.0,0,0,1.1,[],risk74,Risk Factors,risk,Risk,risk-risk-models,Risk Models
tariff_risk_score_specialized,Specialized score measuring company’s exposure to specific tariff risks.,"{'id': 'risk74', 'name': 'Risk Factors'}","{'id': 'risk', 'name': 'Risk'}","{'id': 'risk-risk-models', 'name': 'Risk Models'}",EUR,1,TOPCS1600,MATRIX,1.0,1.0,0,0,1.1,[],risk74,Risk Factors,risk,Risk,risk-risk-models,Risk Models
